type,puzzle_id,raw_response,parsed,ground_truth,error_description,reasoning,tokens_in,tokens_out
Patch_Select,image4.jpg,"{""answer_type"": ""multi_select"", ""indices"": [], ""reasoning"": ""The image displays a large moon in the sky above a night street scene. I systematically examined each of the 20 grid cells for the presence of a bird. The large object in the upper part of the image is clearly the moon, identifiable by its spherical shape and cratered surface, and is not a bird. The street scene below contains buildings, human figures, and artificial lights, but no discernible birds, either flying or perched. After a t","{""answer_type"": ""multi_select"", ""indices"": []}","{""grid_size"": [5, 5], ""correct_patches"": [3, 6, 7, 8, 12, 13, 14, 18, 19]}","缺失 9 个正确索引: [3, 6, 7, 8, 12, 13, 14, 18]...","The image displays a large moon in the sky above a night street scene. I systematically examined each of the 20 grid cells for the presence of a bird. The large object in the upper part of the image is clearly the moon, identifiable by its spherical shape and cratered surface, and is not a bird. The street scene below contains buildings, human figures, and artificial lights, but no discernible birds, either flying or perched. After a thorough scan of all grid cells, no object matching the description of a 'bird' was found. Therefore, no squares contain a bird.",1458,138
Patch_Select,image6.jpg,"{""answer_type"": ""multi_select"", ""indices"": [0, 1, 2, 3, 4, 5, 6, 7, 8, 9, 10, 11, 12, 13, 14, 15, 16, 17, 18, 19], ""reasoning"": ""The image displays a 5x5 grid over a painting featuring numerous birds, identified as Red-crowned cranes by the prompt, flying against a blue sky and standing on a traditional roof structure. I systematically examined each grid cell (0-24, row-major) to determine if any part of a Red-crowned crane was present. Cells 0 through 19 all contain visible portions of these bi","{""answer_type"": ""multi_select"", ""indices"": [0, 1, 2, 3, 4, 5, 6, 7, 8, 9, 10, 11, 12, 13, 14, 15, 16, 17, 18, 19]}","{""grid_size"": [5, 5], ""correct_patches"": [0, 1, 2, 3, 4, 5, 6, 7, 8, 9, 10, 11, 12, 13, 14, 16, 18]}","多选 3 个错误索引: [15, 17, 19]","The image displays a 5x5 grid over a painting featuring numerous birds, identified as Red-crowned cranes by the prompt, flying against a blue sky and standing on a traditional roof structure. I systematically examined each grid cell (0-24, row-major) to determine if any part of a Red-crowned crane was present. Cells 0 through 19 all contain visible portions of these birds, ranging from full bodies to partial wings, heads, or tails. Cells 20 through 24, which constitute the entire bottom row, contain only the roof structure and no birds. Therefore, all cells from 0 to 19 are selected.",1466,227
Patch_Select,image7.jpg,"{""answer_type"": ""multi_select"", ""indices"": [], ""reasoning"": ""The task is to select all grid cells that contain a 'house'. I define 'house' as a residential dwelling. Upon careful examination of all grid cells, the most prominent building visible (spanning cells 13, 14, 18, 19) appears to be a commercial establishment, likely a shop or restaurant, given its storefront-like ground floor, large windows, flat roof, and the general street/market setting. There are no other structures in the image tha","{""answer_type"": ""multi_select"", ""indices"": []}","{""grid_size"": [5, 5], ""correct_patches"": [12, 13, 17]}","缺失 3 个正确索引: [12, 13, 17]","The task is to select all grid cells that contain a 'house'. I define 'house' as a residential dwelling. Upon careful examination of all grid cells, the most prominent building visible (spanning cells 13, 14, 18, 19) appears to be a commercial establishment, likely a shop or restaurant, given its storefront-like ground floor, large windows, flat roof, and the general street/market setting. There are no other structures in the image that clearly or even ambiguously resemble a residential house. Therefore, no grid cells contain a 'house' based on this interpretation.",1458,145
Patch_Select,image8.jpg,"{""answer_type"": ""multi_select"", ""indices"": [], ""reasoning"": ""The task is to select all grid cells that contain a 'Maple leaf'. I systematically scanned each of the 25 grid cells, looking for the distinctive palmate shape, lobes, and serrated edges characteristic of a maple leaf. The image depicts a night scene with a large moon-like sphere, buildings, people, and street lights. There are no natural elements like trees or specific decorations that feature maple leaves. After a thorough examinatio","{""answer_type"": ""multi_select"", ""indices"": []}","{""grid_size"": [5, 5], ""correct_patches"": [16, 17, 21, 22]}","缺失 4 个正确索引: [16, 17, 21, 22]","The task is to select all grid cells that contain a 'Maple leaf'. I systematically scanned each of the 25 grid cells, looking for the distinctive palmate shape, lobes, and serrated edges characteristic of a maple leaf. The image depicts a night scene with a large moon-like sphere, buildings, people, and street lights. There are no natural elements like trees or specific decorations that feature maple leaves. After a thorough examination of every cell, no object resembling a maple leaf was found in any part of the image. Therefore, the set of indices is empty.",1459,136
Patch_Select,image3.jpg,"{""answer_type"": ""multi_select"", ""indices"": [], ""reasoning"": ""The task is to identify all grid cells containing an 'hourglass'. I systematically examined each of the 20 grid cells. An hourglass is characterized by two connected glass bulbs with a narrow neck, typically containing sand. The prominent object in the image is a large, spherical, moon-like object, which does not resemble an hourglass. The street scene below contains buildings, people, lights, and other urban elements. After a careful ","{""answer_type"": ""multi_select"", ""indices"": []}","{""grid_size"": [5, 5], ""correct_patches"": [7, 12, 17]}","缺失 3 个正确索引: [7, 12, 17]","The task is to identify all grid cells containing an 'hourglass'. I systematically examined each of the 20 grid cells. An hourglass is characterized by two connected glass bulbs with a narrow neck, typically containing sand. The prominent object in the image is a large, spherical, moon-like object, which does not resemble an hourglass. The street scene below contains buildings, people, lights, and other urban elements. After a careful review of every cell, no object or part of an object that could be identified as an hourglass was found anywhere in the image. Therefore, the list of indices is empty.",1458,141
Patch_Select,image10.jpg,"{""answer_type"": ""multi_select"", ""indices"": [], ""reasoning"": ""The task is to select all grid cells that contain a 'bridge'. I systematically scanned each of the 25 grid cells, row by row, and column by column, looking for any structure that fits the definition of a bridge (a structure spanning a gap, such as a river, road, or other obstacle, to provide passage). The image depicts an urban night scene with a large illuminated sphere, buildings, people, and a street. After careful examination, no s","{""answer_type"": ""multi_select"", ""indices"": []}","{""grid_size"": [5, 5], ""correct_patches"": [17, 18, 21, 22, 23]}","缺失 5 个正确索引: [17, 18, 21, 22, 23]","The task is to select all grid cells that contain a 'bridge'. I systematically scanned each of the 25 grid cells, row by row, and column by column, looking for any structure that fits the definition of a bridge (a structure spanning a gap, such as a river, road, or other obstacle, to provide passage). The image depicts an urban night scene with a large illuminated sphere, buildings, people, and a street. After careful examination, no such structure was identified in any of the grid cells. Therefore, the set of indices for cells containing a bridge is empty.",1458,139
Dice_Count,dice7.jpg,"{""answer_type"": ""number"", ""value"": 43, ""reasoning"": ""The task is to sum the values on the top faces of all dice. I will go through each die, identify its top face, read its value (either a digit or by counting pips), and add it to a running total.1. Die 1 (top-left): Shows the digit '3'. Current sum: 3.2. Die 2 (next to Die 1): Shows 2 pips. Current sum: 3 + 2 = 5.3. Die 3 (below Die 1): Shows the digit '6'. Current sum: 5 + 6 = 11.4. Die 4 (next to Die 3): Shows 4 pips. Current sum: 11 + 4 = 15","{""answer_type"": ""number"", ""value"": 43}","{""sum"": 44}",预测点数 43.0 低于 GT 44.0 (Δ=-1)，说明模型遗漏了一些顶面。,"The task is to sum the values on the top faces of all dice. I will go through each die, identify its top face, read its value (either a digit or by counting pips), and add it to a running total.1. Die 1 (top-left): Shows the digit '3'. Current sum: 3.2. Die 2 (next to Die 1): Shows 2 pips. Current sum: 3 + 2 = 5.3. Die 3 (below Die 1): Shows the digit '6'. Current sum: 5 + 6 = 11.4. Die 4 (next to Die 3): Shows 4 pips. Current sum: 11 + 4 = 15.5. Die 5 (top-middle-right): Shows the digit '4'. Current sum: 15 + 4 = 19.6. Die 6 (next to Die 5): Shows 2 pips. Current sum: 19 + 2 = 21.7. Die 7 (below Die 5): Shows the digit '2'. Current sum: 21 + 2 = 23.8. Die 8 (next to Die 7): Shows 5 pips. Current sum: 23 + 5 = 28.9. Die 9 (bottom-left): Shows the digit '1'. Current sum: 28 + 1 = 29.10. Die 10 (next to Die 9): Shows the digit '3'. Current sum: 29 + 3 = 32.11. Die 11 (below Die 9): Shows the digit '6'. Current sum: 32 + 6 = 38.12. Die 12 (next to Die 11): Shows 5 pips. Current sum: 38 + 5 = 43.The total sum of all visible top faces is 43.",1508,455
Dice_Count,dice8.jpg,"{
  ""answer_type"": ""number"",
  ""value"": 88,
  ""reasoning"": ""The task is to sum the values on the top faces of all dice across the six sub-images. I will process each sub-image individually and then sum the sub-totals.\n\nSub-image 1 (Top-Left):\n- Die 1 (top-left): Digit '5'. Value = 5.\n- Die 2 (top-right): Digit '5'. Value = 5.\n- Die 3 (bottom-left): Pips, 4 dots. Value = 4.\n- Die 4 (bottom-right): Pips, 4 dots. Value = 4.\n- Sub-total 1: 5 + 5 + 4 + 4 = 18.\n\nSub-image 2 (Top-Middle):\n- D","{""answer_type"": ""number"", ""value"": 88}","{""sum"": 79}",预测点数 88.0 高于 GT 79.0 (Δ=+9)，说明模型重复计数或误把非顶面算入。,"The task is to sum the values on the top faces of all dice across the six sub-images. I will process each sub-image individually and then sum the sub-totals.

Sub-image 1 (Top-Left):
- Die 1 (top-left): Digit '5'. Value = 5.
- Die 2 (top-right): Digit '5'. Value = 5.
- Die 3 (bottom-left): Pips, 4 dots. Value = 4.
- Die 4 (bottom-right): Pips, 4 dots. Value = 4.
- Sub-total 1: 5 + 5 + 4 + 4 = 18.

Sub-image 2 (Top-Middle):
- Die 1 (top-middle): Digit '2'. Value = 2.
- Die 2 (middle-left): Digit '2'. Value = 2.
- Die 3 (middle-right): Digit '3'. Value = 3.
- Die 4 (bottom-middle): Digit '2'. Value = 2.
- Sub-total 2: 2 + 2 + 3 + 2 = 9.

Sub-image 3 (Top-Right):
- Die 1 (top-left): Pips, 4 dots. Value = 4.
- Die 2 (top-right): Pips, 4 dots. Value = 4.
- Die 3 (bottom-left): Digit '5'. Value = 5.
- Die 4 (bottom-right): Pips, 4 dots. Value = 4.
- Sub-total 3: 4 + 4 + 5 + 4 = 17.

Sub-image 4 (Bottom-Left):
- Die 1 (left): Digit '2'. Value = 2.
- Die 2 (middle): Pips, 4 dots. Value = 4.
- Die 3 (right): Digit '4'. Value = 4.
- Sub-total 4: 2 + 4 + 4 = 10.

Sub-image 5 (Bottom-Middle):
- Die 1 (top-left): Digit '4'. Value = 4.
- Die 2 (top-right): Pips, 4 dots. Value = 4.
- Die 3 (bottom-left): Digit '4'. Value = 4.
- Die 4 (bottom-right): Pips, 4 dots. Value = 4.
- Sub-total 5: 4 + 4 + 4 + 4 = 16.

Sub-image 6 (Bottom-Right):
- Die 1 (top-left): Digit '3'. Value = 3.
- Die 2 (top-right): Digit '5'. Value = 5.
- Die 3 (bottom-left): Digit '3'. Value = 3.
- Die 4 (bottom-right): Digit '7'. Value = 7 (as per rule: ""If the TOP face shows a digit (e.g., 1–9), use that digit as the die’s value."").
- Sub-total 6: 3 + 5 + 3 + 7 = 18.

Grand Total:
Summing all sub-totals: 18 + 9 + 17 + 10 + 16 + 18 = 88.",1508,814
Dice_Count,dice6.jpg,"{""answer_type"": ""number"", ""value"": 40, ""reasoning"": ""The task is to sum the numbers on all the top faces of the dice. I will go through each die, identify the value on its top face, and then sum all these values.1. Top-left die: Shows the digit '3'. Value = 3.2. Top-middle die: Shows the digit '2'. Value = 2.3. Top-right die: Shows 6 pips. Value = 6.4. Middle-left die: Shows the digit '4'. Value = 4.5. Middle-center-left die: Shows 4 pips. Value = 4.6. Middle-center-right die: Shows 5 pips. Valu","{""answer_type"": ""number"", ""value"": 40}","{""sum"": 38}",预测点数 40.0 高于 GT 38.0 (Δ=+2)，说明模型重复计数或误把非顶面算入。,"The task is to sum the numbers on all the top faces of the dice. I will go through each die, identify the value on its top face, and then sum all these values.1. Top-left die: Shows the digit '3'. Value = 3.2. Top-middle die: Shows the digit '2'. Value = 2.3. Top-right die: Shows 6 pips. Value = 6.4. Middle-left die: Shows the digit '4'. Value = 4.5. Middle-center-left die: Shows 4 pips. Value = 4.6. Middle-center-right die: Shows 5 pips. Value = 5.7. Bottom-left die: Shows the digit '1'. Value = 1.8. Bottom-center-left die: Shows 4 pips. Value = 4.9. Bottom-center-right die: Shows 6 pips. Value = 6.10. Bottom-right die: Shows 5 pips. Value = 5.Summing these values: 3 + 2 + 6 + 4 + 4 + 5 + 1 + 4 + 6 + 5 = 40.",1508,287
Dice_Count,dice3.jpg,"{
  ""answer_type"": ""number"",
  ""value"": 114,
  ""reasoning"": ""### Stage 1: Initial Processing\n- **Raw Observation**: The input is an image containing six smaller images, each displaying several black dice with gold markings (either digits or pips) on a green surface. The task is to calculate the total sum of the values shown on the top faces of all dice across all six sub-images. Specific rules are provided for determining the value of a die's top face, including preferring digits over pips if b","{""answer_type"": ""number"", ""value"": 114}","{""sum"": 69}",预测点数 114.0 高于 GT 69.0 (Δ=+45)，说明模型重复计数或误把非顶面算入。,"### Stage 1: Initial Processing
- **Raw Observation**: The input is an image containing six smaller images, each displaying several black dice with gold markings (either digits or pips) on a green surface. The task is to calculate the total sum of the values shown on the top faces of all dice across all six sub-images. Specific rules are provided for determining the value of a die's top face, including preferring digits over pips if both are present, and only counting clearly visible markings.
- **Attention Focus**: My primary focus is on each individual die within each sub-image, specifically identifying its top face and the value displayed on it. I also pay attention to the rules, particularly regarding pips versus digits and visibility.
- **Initial Hypotheses**: The task requires careful observation and summation. Each die's value should be clearly discernible. The final sum will be an integer.

### Stage 2: Analytical Breakdown
- **Problem Decomposition**:
    1.  Process each of the six sub-images sequentially.
    2.  Within each sub-image, identify every die.
    3.  For each identified die, determine its top face.
    4.  Read the value from the top face (digit or count pips).
    5.  Sum the values of all dice within that sub-image.
    6.  Sum the individual sub-image totals to get the grand total.
    7.  Format the final answer as a JSON object.
- **Feature Extraction**:
    -   **Dice Count**: Each sub-image contains between 3 and 5 dice.
    -   **Value Representation**: Values are represented either by Arabic numerals (1-7) or by pips (dots). In this image, there are no cases where both are present on the top face.
    -   **Visibility**: All top faces and their markings are clearly visible, with no significant occlusions or ambiguities.
    -   **Orientation**: Dice are generally upright, with the top face clearly identifiable as the most horizontal, upward-facing surface.
- **Uncertainty Mapping**: All dice values appear clear and unambiguous. My confidence in reading each value is 100%.

### Stage 3: Step-by-Step Reasoning
1.  **Sub-image 1 (Top-Left)**:
    *   Die 1: '5'
    *   Die 2: '5'
    *   Die 3: '5'
    *   Die 4: '3'
    *   Die 5: '3'
    *   Sum for Sub-image 1: 5 + 5 + 5 + 3 + 3 = 21. (Confidence: 100%)

2.  **Sub-image 2 (Top-Middle)**:
    *   Die 1: '2'
    *   Die 2: '2'
    *   Die 3: '2'
    *   Die 4: '3'
    *   Die 5: '3'
    *   Sum for Sub-image 2: 2 + 2 + 2 + 3 + 3 = 12. (Confidence: 100%)

3.  **Sub-image 3 (Top-Right)**:
    *   Die 1: '6'
    *   Die 2: '5'
    *   Die 3: '6'
    *   Die 4: '5'
    *   Die 5: '6'
    *   Sum for Sub-image 3: 6 + 5 + 6 + 5 + 6 = 28. (Confidence: 100%)

4.  **Sub-image 4 (Bottom-Left)**:
    *   Die 1: '2'
    *   Die 2: Pips (4 dots) -> 4
    *   Die 3: '4'
    *   Sum for Sub-image 4: 2 + 4 + 4 = 10. (Confidence: 100%)

5.  **Sub-image 5 (Bottom-Middle)**:
    *   Die 1: '4'
    *   Die 2: Pips (4 dots) -> 4
    *   Die 3: '4'
    *   Die 4: '4'
    *   Sum for Sub-image 5: 4 + 4 + 4 + 4 = 16. (Confidence: 100%)

6.  **Sub-image 6 (Bottom-Right)**:
    *   Die 1: '3'
    *   Die 2: '5'
    *   Die 3: '5'
    *   Die 4: '7'
    *   Die 5: '7'
    *   Sum for Sub-image 6: 3 + 5 + 5 + 7 + 7 = 27. (Confidence: 100%)

7.  **Calculate the Grand Total**: Sum the totals from all six sub-images.
    *   Grand Total = 21 (Sub-image 1) + 12 (Sub-image 2) + 28 (Sub-image 3) + 10 (Sub-image 4) + 16 (Sub-image 5) + 27 (Sub-image 6)
    *   Grand Total = 33 + 28 + 10 + 16 + 27
    *   Grand Total = 61 + 10 + 16 + 27
    *   Grand Total = 71 + 16 + 27
    *   Grand Total = 87 + 27
    *   Grand Total = 114. (Confidence: 100%)

### Stage 4: Error Analysis and Verification
-   **Potential Failure Points**: Misreading a die value (digit or pips), missing a die, or arithmetic errors. I carefully re-checked each die's value and the subsequent sums.
-   **Consistency Checks**: I performed the summation twice to ensure arithmetic accuracy. Each die's top face was clearly identified, and its value was unambiguous. The rules regarding digits vs. pips and visibility were strictly followed.
-   **Alternative Paths**: No alternative methods were considered as the problem is a direct application of counting and summation based on visual input and explicit rules.

### Stage 5: Final Output
-   **Candidate Answers**: 114
-   **Selection Rationale**: The value 114 is the result of a systematic and verified summation of all clearly visible top face values of the dice, adhering to all specified rules.
-   **Overall Confidence**: 100%",1508,1572
Dice_Count,dice10.jpg,"{
  ""answer_type"": ""number"",
  ""value"": 107,
  ""reasoning"": ""### Stage 1: Initial Processing\n- **Raw Observation**: The input consists of an image with six smaller sub-images, arranged in a 2x3 grid. Each sub-image displays several black dice with gold-colored numbers on their top faces, resting on a green surface. The task is to calculate the total sum of the numbers shown on the top faces of all dice across all six sub-images. Specific rules are provided for how to interpret the dice faces an","{""answer_type"": ""number"", ""value"": 107}","{""sum"": 73}",预测点数 107.0 高于 GT 73.0 (Δ=+34)，说明模型重复计数或误把非顶面算入。,"### Stage 1: Initial Processing
- **Raw Observation**: The input consists of an image with six smaller sub-images, arranged in a 2x3 grid. Each sub-image displays several black dice with gold-colored numbers on their top faces, resting on a green surface. The task is to calculate the total sum of the numbers shown on the top faces of all dice across all six sub-images. Specific rules are provided for how to interpret the dice faces and handle potential ambiguities.
- **Attention Focus**: My primary focus is on the top face of each individual die within every sub-image, as this is where the value to be summed is located. I also pay close attention to the rules, especially those concerning digits vs. pips and handling non-standard dice values.
- **Initial Hypotheses**: 
    1. The process will involve systematically going through each sub-image, identifying each die, reading its top face value, and then summing these values.
    2. The rules provided (e.g., counting only top faces, preferring digits over pips, using the digit value directly) must be strictly adhered to.
    3. The final output will be a single integer representing the grand total.

### Stage 2: Analytical Breakdown
- **Problem Decomposition**: The problem can be broken down into the following steps:
    1. Process each of the six sub-images sequentially.
    2. For each sub-image:
        a. Identify all distinct dice present.
        b. For each identified die, determine its top-facing value.
        c. Calculate the sum of values for that specific sub-image.
    3. Sum the individual totals from all six sub-images to arrive at the final grand total.
- **Feature Extraction**: 
    - Dice are uniformly black with gold markings.
    - All visible markings on the top faces are digits (1-9), not pips.
    - The background is a plain green surface.
    - Each sub-image contains between 3 and 6 dice.
- **Uncertainty Mapping**: 
    - **Occlusion**: There are no significant occlusions preventing clear identification of any die's top face. (Confidence: 100%)
    - **Tilt**: All dice appear to be oriented such that their top faces are clearly visible and mostly horizontal, making rule 7 (handling tilt) unnecessary. (Confidence: 100%)
    - **Pip vs. Digit**: All dice clearly show digits. Rule 8 (prefer digit) is relevant, but rule 3 (count pips) is not, as no pips are present. (Confidence: 100%)
    - **Non-standard values**: Some dice show '7'. This is unusual for standard dice (1-6), but rule 2 explicitly states ""If the TOP face shows a digit (e.g., 1–9), use that digit as the die’s value."" This clarifies that '7' should be counted as 7. (Confidence: 100%)

### Stage 3: Step-by-Step Reasoning

1. **Sub-image 1 (Top-Left)**:
    - **Operation**: Identify dice and sum their top face values.
    - **Evidence**: 
        - Die 1: '5'
        - Die 2: '5'
        - Die 3: '3'
        - Die 4: '3'
    - **Calculation**: 5 + 5 + 3 + 3 = 16.
    - **Confidence**: 100%. Values are clear.

2. **Sub-image 2 (Top-Middle)**:
    - **Operation**: Identify dice and sum their top face values.
    - **Evidence**: 
        - Die 1: '2'
        - Die 2: '2'
        - Die 3: '2'
        - Die 4: '3'
    - **Calculation**: 2 + 2 + 2 + 3 = 9.
    - **Confidence**: 100%. Values are clear.

3. **Sub-image 3 (Top-Right)**:
    - **Operation**: Identify dice and sum their top face values.
    - **Evidence**: 
        - Die 1: '3'
        - Die 2: '3'
        - Die 3: '5'
        - Die 4: '5'
        - Die 5: '3'
        - Die 6: '3'
    - **Calculation**: 3 + 3 + 5 + 5 + 3 + 3 = 22.
    - **Confidence**: 100%. Values are clear.

4. **Sub-image 4 (Bottom-Left)**:
    - **Operation**: Identify dice and sum their top face values.
    - **Evidence**: 
        - Die 1: '2'
        - Die 2: '4'
        - Die 3: '4'
        - Die 4: '4'
    - **Calculation**: 2 + 4 + 4 + 4 = 14.
    - **Confidence**: 100%. Values are clear.

5. **Sub-image 5 (Bottom-Middle)**:
    - **Operation**: Identify dice and sum their top face values.
    - **Evidence**: 
        - Die 1: '4'
        - Die 2: '4'
        - Die 3: '4'
    - **Calculation**: 4 + 4 + 4 = 12.
    - **Confidence**: 100%. Values are clear.

6. **Sub-image 6 (Bottom-Right)**:
    - **Operation**: Identify dice and sum their top face values.
    - **Evidence**: 
        - Die 1: '3'
        - Die 2: '5'
        - Die 3: '7' (Applying rule 2: use the digit as value)
        - Die 4: '7' (Applying rule 2: use the digit as value)
        - Die 5: '5'
        - Die 6: '7' (Applying rule 2: use the digit as value)
    - **Alternative interpretations considered**: Initially, I might question '7' as a valid die face. However, rule 2 explicitly states ""If the TOP face shows a digit (e.g., 1–9), use that digit as the die’s value."" This overrides any assumption about standard 1-6 dice.
    - **Calculation**: 3 + 5 + 7 + 7 + 5 + 7 = 34.
    - **Confidence**: 100%. The rule for digits 1-9 is clear.

7. **Grand Total Calculation**:
    - **Operation**: Sum the totals from all six sub-images.
    - **Evidence**: 
        - Sub-image 1 total: 16
        - Sub-image 2 total: 9
        - Sub-image 3 total: 22
        - Sub-image 4 total: 14
        - Sub-image 5 total: 12
        - Sub-image 6 total: 34
    - **Calculation**: 16 + 9 + 22 + 14 + 12 + 34 = 107.
    - **Confidence**: 100%. Arithmetic is straightforward.

### Stage 4: Error Analysis and Verification
- **Potential Failure Points**: 
    - Misreading a digit: All digits appear clear and distinct. No ambiguity between similar-looking numbers (e.g., 6 and 9, 3 and 8).
    - Missing a die or double-counting: I systematically processed each sub-image and counted each die once.
    - Incorrectly applying rules, especially regarding the '7's: This was explicitly addressed by re-reading rule 2, confirming that any digit 1-9 should be used directly.
    - Arithmetic errors: The sum was performed and then double-checked.
- **Consistency Checks**: 
    - Re-summed the individual sub-image totals: 16 + 9 = 25; 25 + 22 = 47; 47 + 14 = 61; 61 + 12 = 73; 73 + 34 = 107. The sum is consistent.
    - Visually scanned each sub-image again to ensure no dice were overlooked and all values were correctly identified.
- **Alternative Paths**: No other viable approaches were considered, as the task is a direct application of counting and summing based on clear rules.

### Stage 5: Final Output
- **Candidate Answers**: 107.
- **Selection Rationale**: This value is the result of a systematic application of all specified rules to each die in the image, with careful verification of each step and the final sum.
- **Overall Confidence**: 100%. The image quality is good, the digits are clear, and the rules are unambiguous for this specific scenario.",1508,2089
Dice_Count,dice5.jpg,"{
  ""answer_type"": ""number"",
  ""value"": 92,
  ""reasoning"": ""The task is to sum the values on the top faces of all dice across the six sub-images. I will process each sub-image sequentially, identify the value of each die's top face, and add it to a running total. If the face shows a digit, I use the digit's value. If it shows pips, I count the pips. All dice faces are clearly visible, and no complex occlusions or tilts require special interpretation beyond direct reading.\n\nSub-image 1 (Top-Lef","{""answer_type"": ""number"", ""value"": 92}","{""sum"": 69}",预测点数 92.0 高于 GT 69.0 (Δ=+23)，说明模型重复计数或误把非顶面算入。,"The task is to sum the values on the top faces of all dice across the six sub-images. I will process each sub-image sequentially, identify the value of each die's top face, and add it to a running total. If the face shows a digit, I use the digit's value. If it shows pips, I count the pips. All dice faces are clearly visible, and no complex occlusions or tilts require special interpretation beyond direct reading.

Sub-image 1 (Top-Left):
- Die 1: 5
- Die 2: 5
- Die 3: 3
- Die 4: 3
Total for Sub-image 1 = 5 + 5 + 3 + 3 = 16

Sub-image 2 (Top-Middle):
- Die 1: 2
- Die 2: 2
- Die 3: 5
- Die 4: 3
Total for Sub-image 2 = 2 + 2 + 5 + 3 = 12

Sub-image 3 (Top-Right):
- Die 1: 4 (pips)
- Die 2: 4 (pips)
- Die 3: 5
- Die 4: 5
- Die 5: 5
Total for Sub-image 3 = 4 + 4 + 5 + 5 + 5 = 23

Sub-image 4 (Bottom-Left):
- Die 1: 2
- Die 2: 4 (pips)
- Die 3: 4 (pips)
Total for Sub-image 4 = 2 + 4 + 4 = 10

Sub-image 5 (Bottom-Middle):
- Die 1: 4
- Die 2: 4 (pips)
- Die 3: 4
Total for Sub-image 5 = 4 + 4 + 4 = 12

Sub-image 6 (Bottom-Right):
- Die 1: 3
- Die 2: 5
- Die 3: 7 (digit, allowed by rule 2)
- Die 4: 4
Total for Sub-image 6 = 3 + 5 + 7 + 4 = 19

Overall Total = 16 (Sub-image 1) + 12 (Sub-image 2) + 23 (Sub-image 3) + 10 (Sub-image 4) + 12 (Sub-image 5) + 19 (Sub-image 6) = 92.",1508,657
Dice_Count,dice9.jpg,"{
  ""answer_type"": ""number"",
  ""value"": 45,
  ""reasoning"": ""The task is to sum the numbers on all the dice's top faces. I will go through each die, identify the value on its top face, and then sum all these values.1. Die 1 (top left, leftmost): 1 pip. Value = 1.2. Die 2 (top left, middle): 2 pips. Value = 2.3. Die 3 (top left, rightmost): 2 pips. Value = 2.4. Die 4 (top left, bottom left): 1 pip. Value = 1.5. Die 5 (top left, bottom right): 2 pips. Value = 2.6. Die 6 (top right, top left): 2 pip","{""answer_type"": ""number"", ""value"": 45}","{""sum"": 48}",预测点数 45.0 低于 GT 48.0 (Δ=-3)，说明模型遗漏了一些顶面。,"The task is to sum the numbers on all the dice's top faces. I will go through each die, identify the value on its top face, and then sum all these values.1. Die 1 (top left, leftmost): 1 pip. Value = 1.2. Die 2 (top left, middle): 2 pips. Value = 2.3. Die 3 (top left, rightmost): 2 pips. Value = 2.4. Die 4 (top left, bottom left): 1 pip. Value = 1.5. Die 5 (top left, bottom right): 2 pips. Value = 2.6. Die 6 (top right, top left): 2 pips. Value = 2.7. Die 7 (top right, top right): 1 pip. Value = 1.8. Die 8 (top right, middle left): 5 pips. Value = 5.9. Die 9 (top right, middle right): 1 pip. Value = 1.10. Die 10 (top right, bottom left): 1 pip. Value = 1.11. Die 11 (top right, bottom right): 2 pips. Value = 2.12. Die 12 (bottom left, top left): 1 pip. Value = 1.13. Die 13 (bottom left, top right): 1 pip. Value = 1.14. Die 14 (bottom left, bottom left): 1 pip. Value = 1.15. Die 15 (bottom left, bottom right): 1 pip. Value = 1.16. Die 16 (bottom right, top left): 6 pips. Value = 6.17. Die 17 (bottom right, top right): 6 pips. Value = 6.18. Die 18 (bottom right, middle left): 3 pips. Value = 3.19. Die 19 (bottom right, middle right): 1 pip. Value = 1.20. Die 20 (bottom right, bottom left): 3 pips. Value = 3.21. Die 21 (bottom right, bottom right): 2 pips. Value = 2.Summing all values: 1 + 2 + 2 + 1 + 2 + 2 + 1 + 5 + 1 + 1 + 2 + 1 + 1 + 1 + 1 + 6 + 6 + 3 + 1 + 3 + 2 = 45.",1508,613
Dice_Count,dice4.jpg,"{""answer_type"": ""number"", ""value"": 107, ""reasoning"": ""The task is to sum the numbers on the top faces of all dice across six sub-images. I will process each sub-image individually, identify the value of each die's top face, and then sum these values. If a face shows a digit, I use the digit. If it shows pips, I count the pips. The rules state digits 1-9 are valid. I will then sum the totals from all sub-images for the final answer. Sub-image 1 (top-left): 5 + 5 + 3 + 3 = 16. Sub-image 2 (top-mid","{""answer_type"": ""number"", ""value"": 107}","{""sum"": 73}",预测点数 107.0 高于 GT 73.0 (Δ=+34)，说明模型重复计数或误把非顶面算入。,"The task is to sum the numbers on the top faces of all dice across six sub-images. I will process each sub-image individually, identify the value of each die's top face, and then sum these values. If a face shows a digit, I use the digit. If it shows pips, I count the pips. The rules state digits 1-9 are valid. I will then sum the totals from all sub-images for the final answer. Sub-image 1 (top-left): 5 + 5 + 3 + 3 = 16. Sub-image 2 (top-middle): 2 + 2 + 2 + 3 = 9. Sub-image 3 (top-right): 4 (pips) + 4 (pips) + 5 + 5 + 3 + 3 = 24. Sub-image 4 (bottom-left): 2 + 4 (pips) + 4 (pips) + 4 (pips) = 14. Sub-image 5 (bottom-middle): 4 + 4 (pips) + 4 = 12. Sub-image 6 (bottom-right): 3 + 5 + 7 + 7 + 5 + 5 = 32. Summing these sub-totals: 16 + 9 + 24 + 14 + 12 + 32 = 107.",1508,342
Click_Order,image4.jpg,"{""answer_type"": ""click_order"", ""points"": [{""x"": 150, ""y"": 380}, {""x"": 470, ""y"": 100}, {""x"": 470, ""y"": 275}, {""x"": 270, ""y"": 275}]}","{""answer_type"": ""click_order"", ""points"": [{""x"": 150, ""y"": 380}, {""x"": 470, ""y"": 100}, {""x"": 470, ""y"": 275}, {""x"": 270, ""y"": 275}]}","{""points_gt"": [{""x"": 275.0, ""y"": 165.0}, {""x"": 450.0, ""y"": 60.0}, {""x"": 483.0, ""y"": 222.0}, {""x"": 369.0, ""y"": 330.0}], ""tolerance"": 40.0}","第 1 个点击距离目标 248.7px (> tolerance 40.0); 预测 (150,380) vs GT (275,165). 第 2 个点击距离目标 44.7px (> tolerance 40.0); 预测 (470,100) vs GT (450,60). 第 3 个点击距离目标 54.6px (> tolerance 40.0); 预测 (470,275) vs GT (483,222). 第 4 个点击距离目标 113.3px (> tolerance 40.0); 预测 (270,275) vs GT (369,330).",,2356,77
Click_Order,image5.jpg,"{""answer_type"": ""click_order"", ""points"": [{""x"": 470, ""y"": 100}, {""x"": 325, ""y"": 180}, {""x"": 162, ""y"": 100}, {""x"": 190, ""y"": 275}], ""reasoning"": ""The task requires clicking icons in the order shown in the reference image. The reference image shows a lightbulb, then a soccer ball, then a briefcase, and finally a globe. I located each of these icons in the main image. For the lightbulb, there were two identical instances in the main image (top-right and bottom-right). In the absence of a specific r","{""answer_type"": ""click_order"", ""points"": [{""x"": 470, ""y"": 100}, {""x"": 325, ""y"": 180}, {""x"": 162, ""y"": 100}, {""x"": 190, ""y"": 275}]}","{""points_gt"": [{""x"": 165.0, ""y"": 75.0}, {""x"": 498.0, ""y"": 70.0}, {""x"": 487.0, ""y"": 270.0}, {""x"": 210.0, ""y"": 265.0}], ""tolerance"": 40.0}","第 1 个点击距离目标 306.0px (> tolerance 40.0); 预测 (470,100) vs GT (165,75). 第 2 个点击距离目标 205.0px (> tolerance 40.0); 预测 (325,180) vs GT (498,70). 第 3 个点击距离目标 366.8px (> tolerance 40.0); 预测 (162,100) vs GT (487,270).","The task requires clicking icons in the order shown in the reference image. The reference image shows a lightbulb, then a soccer ball, then a briefcase, and finally a globe. I located each of these icons in the main image. For the lightbulb, there were two identical instances in the main image (top-right and bottom-right). In the absence of a specific rule for duplicates, I chose the instance that would be encountered first in a top-left to bottom-right scan, which is the top-right lightbulb. The coordinates are estimated to be at the center of each icon.",2356,205
Click_Order,image3.jpg,"{""answer_type"": ""click_order"", ""points"": [{""x"": 470, ""y"": 100}, {""x"": 325, ""y"": 180}, {""x"": 162, ""y"": 100}, {""x"": 190, ""y"": 275}]}","{""answer_type"": ""click_order"", ""points"": [{""x"": 470, ""y"": 100}, {""x"": 325, ""y"": 180}, {""x"": 162, ""y"": 100}, {""x"": 190, ""y"": 275}]}","{""points_gt"": [{""x"": 360.0, ""y"": 275.0}, {""x"": 73.0, ""y"": 56.0}, {""x"": 540.0, ""y"": 185.0}, {""x"": 80.0, ""y"": 320.0}], ""tolerance"": 40.0}","第 1 个点击距离目标 206.7px (> tolerance 40.0); 预测 (470,100) vs GT (360,275). 第 2 个点击距离目标 280.9px (> tolerance 40.0); 预测 (325,180) vs GT (73,56). 第 3 个点击距离目标 387.4px (> tolerance 40.0); 预测 (162,100) vs GT (540,185). 第 4 个点击距离目标 118.8px (> tolerance 40.0); 预测 (190,275) vs GT (80,320).",,2356,77
Click_Order,image9.jpg,"{""answer_type"": ""click_order"", ""points"": [{""x"": 470, ""y"": 100}, {""x"": 325, ""y"": 180}, {""x"": 162, ""y"": 100}, {""x"": 190, ""y"": 275}]}","{""answer_type"": ""click_order"", ""points"": [{""x"": 470, ""y"": 100}, {""x"": 325, ""y"": 180}, {""x"": 162, ""y"": 100}, {""x"": 190, ""y"": 275}]}","{""points_gt"": [{""x"": 422.0, ""y"": 70.0}, {""x"": 55.0, ""y"": 163.0}, {""x"": 535.0, ""y"": 100.0}, {""x"": 562.0, ""y"": 323.0}], ""tolerance"": 40.0}","第 1 个点击距离目标 56.6px (> tolerance 40.0); 预测 (470,100) vs GT (422,70). 第 2 个点击距离目标 270.5px (> tolerance 40.0); 预测 (325,180) vs GT (55,163). 第 3 个点击距离目标 373.0px (> tolerance 40.0); 预测 (162,100) vs GT (535,100). 第 4 个点击距离目标 375.1px (> tolerance 40.0); 预测 (190,275) vs GT (562,323).",,2356,77
Click_Order,image6.jpg,"{""answer_type"": ""click_order"", ""points"": [{""x"": 465, ""y"": 95}, {""x"": 325, ""y"": 225}, {""x"": 165, ""y"": 95}, {""x"": 195, ""y"": 325}]}","{""answer_type"": ""click_order"", ""points"": [{""x"": 465, ""y"": 95}, {""x"": 325, ""y"": 225}, {""x"": 165, ""y"": 95}, {""x"": 195, ""y"": 325}]}","{""points_gt"": [{""x"": 496.0, ""y"": 295.0}, {""x"": 437.0, ""y"": 61.0}, {""x"": 165.0, ""y"": 75.0}, {""x"": 310.0, ""y"": 300.0}], ""tolerance"": 40.0}","第 1 个点击距离目标 202.4px (> tolerance 40.0); 预测 (465,95) vs GT (496,295). 第 2 个点击距离目标 198.6px (> tolerance 40.0); 预测 (325,225) vs GT (437,61). 第 4 个点击距离目标 117.7px (> tolerance 40.0); 预测 (195,325) vs GT (310,300).",,2356,75
Click_Order,image7.jpg,"{""answer_type"": ""click_order"", ""points"": [{""x"": 470, ""y"": 100}, {""x"": 325, ""y"": 180}, {""x"": 162, ""y"": 100}, {""x"": 190, ""y"": 275}]}","{""answer_type"": ""click_order"", ""points"": [{""x"": 470, ""y"": 100}, {""x"": 325, ""y"": 180}, {""x"": 162, ""y"": 100}, {""x"": 190, ""y"": 275}]}","{""points_gt"": [{""x"": 298.0, ""y"": 98.0}, {""x"": 493.0, ""y"": 65.0}, {""x"": 292.0, ""y"": 291.0}, {""x"": 420.0, ""y"": 180.0}], ""tolerance"": 40.0}","第 1 个点击距离目标 172.0px (> tolerance 40.0); 预测 (470,100) vs GT (298,98). 第 2 个点击距离目标 203.6px (> tolerance 40.0); 预测 (325,180) vs GT (493,65). 第 3 个点击距离目标 231.0px (> tolerance 40.0); 预测 (162,100) vs GT (292,291). 第 4 个点击距离目标 248.8px (> tolerance 40.0); 预测 (190,275) vs GT (420,180).",,2356,77
Click_Order,image10.jpg,"{""answer_type"": ""click_order"", ""points"": [{""x"": 470, ""y"": 100}, {""x"": 325, ""y"": 180}, {""x"": 162, ""y"": 100}, {""x"": 190, ""y"": 275}], ""reasoning"": ""The reference image shows four icons in the following order from left to right: a lightbulb, a soccer ball, a briefcase, and a globe with an arrow. I located each of these icons in the main image and recorded their approximate center coordinates in the specified order. The lightbulb is at the top right, the soccer ball is in the center, the briefcase is","{""answer_type"": ""click_order"", ""points"": [{""x"": 470, ""y"": 100}, {""x"": 325, ""y"": 180}, {""x"": 162, ""y"": 100}, {""x"": 190, ""y"": 275}]}","{""points_gt"": [{""x"": 99.0, ""y"": 192.0}, {""x"": 384.0, ""y"": 50.0}, {""x"": 540.0, ""y"": 100.0}, {""x"": 242.0, ""y"": 274.0}], ""tolerance"": 40.0}","第 1 个点击距离目标 382.2px (> tolerance 40.0); 预测 (470,100) vs GT (99,192). 第 2 个点击距离目标 142.8px (> tolerance 40.0); 预测 (325,180) vs GT (384,50). 第 3 个点击距离目标 378.0px (> tolerance 40.0); 预测 (162,100) vs GT (540,100). 第 4 个点击距离目标 52.0px (> tolerance 40.0); 预测 (190,275) vs GT (242,274).","The reference image shows four icons in the following order from left to right: a lightbulb, a soccer ball, a briefcase, and a globe with an arrow. I located each of these icons in the main image and recorded their approximate center coordinates in the specified order. The lightbulb is at the top right, the soccer ball is in the center, the briefcase is at the top left, and the globe is at the bottom left. There is an additional Christmas tree icon in the main image (bottom right) which was ignored as it was not present in the reference image.",2356,199
Click_Order,image8.jpg,"{""answer_type"": ""click_order"", ""points"": [{""x"": 470, ""y"": 100}, {""x"": 200, ""y"": 200}, {""x"": 170, ""y"": 100}, {""x"": 170, ""y"": 340}], ""reasoning"": ""The reference image shows the icons in the following order: lightbulb, soccer ball, briefcase, globe. I located each of these icons in the main image and recorded their central coordinates in the specified order. For the soccer ball, as there are two identical ones in the main image and only one in the reference, I selected the first one encountered (mi","{""answer_type"": ""click_order"", ""points"": [{""x"": 470, ""y"": 100}, {""x"": 200, ""y"": 200}, {""x"": 170, ""y"": 100}, {""x"": 170, ""y"": 340}]}","{""points_gt"": [{""x"": 468.0, ""y"": 118.0}, {""x"": 280.0, ""y"": 465.0}, {""x"": 132.0, ""y"": 121.0}, {""x"": 470.0, ""y"": 380.0}], ""tolerance"": 50.0}","第 2 个点击距离目标 276.8px (> tolerance 50.0); 预测 (200,200) vs GT (280,465). 第 4 个点击距离目标 302.7px (> tolerance 50.0); 预测 (170,340) vs GT (470,380).","The reference image shows the icons in the following order: lightbulb, soccer ball, briefcase, globe. I located each of these icons in the main image and recorded their central coordinates in the specified order. For the soccer ball, as there are two identical ones in the main image and only one in the reference, I selected the first one encountered (middle-left).",2356,157
Place_Dot,path4.jpg,"{""answer_type"": ""single_point"", ""point"": {""x"": 190, ""y"": 850}, ""reasoning"": ""The task is to place a dot at the end of the car's path. The instruction explicitly states, 'The large marker with the car icon is the start, not the target.' I identified the large green circular marker with the white car icon at the top-right as the starting point. I then traced the continuous bright green path from this starting point. The path winds downwards and to the left, making several turns. I followed the pat","{""answer_type"": ""single_point"", ""point"": {""x"": 190, ""y"": 850}}","{""target_position"": {""x"": 300.0, ""y"": 512.0}, ""tolerance"": 25.0}","预测坐标 (190.0,850.0) 距离 GT (300.0,512.0) 为 355.4px，超过容差 25.0px，说明定位偏离目标区域。","The task is to place a dot at the end of the car's path. The instruction explicitly states, 'The large marker with the car icon is the start, not the target.' I identified the large green circular marker with the white car icon at the top-right as the starting point. I then traced the continuous bright green path from this starting point. The path winds downwards and to the left, making several turns. I followed the path until its absolute termination point, which is at the bottom-left end of the visible green route. I then estimated the central pixel coordinates of this endpoint. The path ends with a horizontal segment. Visually, the center of this segment's end is approximately at x=190 and y=850, taking into account the path's width and the 3D perspective.",1520,205
Place_Dot,path10.jpg,"{""answer_type"": ""single_point"", ""point"": {""x"": 190, ""y"": 780}, ""reasoning"": ""The task is to place a dot at the end of the car's path. The large green marker with the car icon indicates the start of the path. I traced the continuous green path from this starting point, following its turns through the city-like grid. The path makes several turns, moving generally downwards and to the left. It terminates as a line tip in the bottom-left portion of the image. I identified the geometric center of thi","{""answer_type"": ""single_point"", ""point"": {""x"": 190, ""y"": 780}}","{""target_position"": {""x"": 290.0, ""y"": 235.0}, ""tolerance"": 20.0}","预测坐标 (190.0,780.0) 距离 GT (290.0,235.0) 为 554.1px，超过容差 20.0px，说明定位偏离目标区域。","The task is to place a dot at the end of the car's path. The large green marker with the car icon indicates the start of the path. I traced the continuous green path from this starting point, following its turns through the city-like grid. The path makes several turns, moving generally downwards and to the left. It terminates as a line tip in the bottom-left portion of the image. I identified the geometric center of this line tip as the endpoint. Based on visual estimation, the coordinates for this endpoint are approximately x=190, y=780.",1520,155
Place_Dot,path7.jpg,"{""answer_type"": ""single_point"", ""point"": {""x"": 190, ""y"": 210}, ""reasoning"": ""The task is to identify the end of the car's path. The green circular marker with the car icon is explicitly stated as the start. I trace the continuous green path from this starting point. The path winds through the blocks, making several turns. I follow the path visually until it terminates. The endpoint is located in the lower-left portion of the image. I estimate the central pixel of the path's end segment, which ap","{""answer_type"": ""single_point"", ""point"": {""x"": 190, ""y"": 210}}","{""target_position"": {""x"": 515.0, ""y"": 360.0}, ""tolerance"": 20.0}","预测坐标 (190.0,210.0) 距离 GT (515.0,360.0) 为 357.9px，超过容差 20.0px，说明定位偏离目标区域。","The task is to identify the end of the car's path. The green circular marker with the car icon is explicitly stated as the start. I trace the continuous green path from this starting point. The path winds through the blocks, making several turns. I follow the path visually until it terminates. The endpoint is located in the lower-left portion of the image. I estimate the central pixel of the path's end segment, which appears to be at coordinates x=190, y=210.",1520,140
Place_Dot,path6.jpg,"{""answer_type"": ""single_point"", ""point"": {""x"": 190, ""y"": 790}, ""reasoning"": ""The task is to identify the endpoint of the green path, which starts from the green circular marker with the car icon. I traced the continuous green path from the starting marker, following its turns through the grid of blocks. The path moves generally downwards and to the left. The path ends at the bottom-left corner of the visible green route. I identified the center of this terminal segment as the target point.""}","{""answer_type"": ""single_point"", ""point"": {""x"": 190, ""y"": 790}}","{""target_position"": {""x"": 295.0, ""y"": 510.0}, ""tolerance"": 20.0}","预测坐标 (190.0,790.0) 距离 GT (295.0,510.0) 为 299.0px，超过容差 20.0px，说明定位偏离目标区域。","The task is to identify the endpoint of the green path, which starts from the green circular marker with the car icon. I traced the continuous green path from the starting marker, following its turns through the grid of blocks. The path moves generally downwards and to the left. The path ends at the bottom-left corner of the visible green route. I identified the center of this terminal segment as the target point.",1520,117
Place_Dot,path9.jpg,"{""answer_type"": ""single_point"", ""point"": {""x"": 195, ""y"": 805}, ""reasoning"": ""The task is to place a dot at the end of the car's path. The image shows a green path originating from a green circular marker with a white car icon. The instructions explicitly state that this marker is the start, not the target. I traced the continuous green path from this starting marker. The path makes several turns, navigating between the dark blocks. I followed the path segment by segment until it reached its clea","{""answer_type"": ""single_point"", ""point"": {""x"": 195, ""y"": 805}}","{""target_position"": {""x"": 420.0, ""y"": 370.0}, ""tolerance"": 20.0}","预测坐标 (195.0,805.0) 距离 GT (420.0,370.0) 为 489.7px，超过容差 20.0px，说明定位偏离目标区域。","The task is to place a dot at the end of the car's path. The image shows a green path originating from a green circular marker with a white car icon. The instructions explicitly state that this marker is the start, not the target. I traced the continuous green path from this starting marker. The path makes several turns, navigating between the dark blocks. I followed the path segment by segment until it reached its clear termination point at the bottom-left of the visible path. The last segment of the path is a short vertical line. I then estimated the central pixel coordinates of this endpoint. My best estimate for the center of the line tip at its termination is approximately X=195 and Y=805.",1520,182
Place_Dot,path3.jpg,"{""answer_type"": ""single_point"", ""point"": {""x"": 190, ""y"": 210}, ""reasoning"": ""The task is to identify the endpoint of the car's path, with the car icon indicating the start. I traced the continuous green path from the car icon, following its turns through the grid. The path starts at the top-right, moves down-left, then right, then down-left, and so on, in a zig-zag pattern. The path terminates at the bottom-left corner of the grid, at the end of the last green segment. I pinpointed the center of","{""answer_type"": ""single_point"", ""point"": {""x"": 190, ""y"": 210}}","{""target_position"": {""x"": 305.0, ""y"": 520.0}, ""tolerance"": 20.0}","预测坐标 (190.0,210.0) 距离 GT (305.0,520.0) 为 330.6px，超过容差 20.0px，说明定位偏离目标区域。","The task is to identify the endpoint of the car's path, with the car icon indicating the start. I traced the continuous green path from the car icon, following its turns through the grid. The path starts at the top-right, moves down-left, then right, then down-left, and so on, in a zig-zag pattern. The path terminates at the bottom-left corner of the grid, at the end of the last green segment. I pinpointed the center of this terminal segment's end, which corresponds to coordinates (190, 210).",1520,157
Place_Dot,path8.jpg,"{""answer_type"": ""single_point"", ""point"": {""x"": 198, ""y"": 785}, ""reasoning"": ""The task is to place a dot at the end of the car's path, with the car icon marking the start. I traced the continuous green path from the large green car marker in the upper-right. The path winds through the blocks, making several turns, and terminates in the lower-left quadrant of the image. I identified the very last segment of the green path, which is horizontal. I then estimated the geometric center of this terminal","{""answer_type"": ""single_point"", ""point"": {""x"": 198, ""y"": 785}}","{""target_position"": {""x"": 350.0, ""y"": 470.0}, ""tolerance"": 20.0}","预测坐标 (198.0,785.0) 距离 GT (350.0,470.0) 为 349.8px，超过容差 20.0px，说明定位偏离目标区域。","The task is to place a dot at the end of the car's path, with the car icon marking the start. I traced the continuous green path from the large green car marker in the upper-right. The path winds through the blocks, making several turns, and terminates in the lower-left quadrant of the image. I identified the very last segment of the green path, which is horizontal. I then estimated the geometric center of this terminal point. The leftmost edge of the path's end is approximately at x=185, and the rightmost edge is at x=210, making the center x-coordinate (185+210)/2 = 197.5, rounded to 198. The top edge of the path's end is approximately at y=775, and the bottom edge is at y=795, making the center y-coordinate (775+795)/2 = 785. Therefore, the dot is placed at (198, 785).",1520,258
Place_Dot,path5.jpg,,,"{""target_position"": {""x"": 265.0, ""y"": 510.0}, ""tolerance"": 20.0}",未返回坐标点。,,1520,0
