type,puzzle_id,raw_response,parsed,ground_truth,explain,reasoning,tokens_in,tokens_out
Dice_Count,dice3.jpg,"{""answer_type"": ""number"", ""value"": 86, ""explain"": ""The sum of all visible numbers and pips on the dice across the six panels is 86."", ""reasoning"": ""I identified the value of each die in all six sub-images, counting pips where numbers were not explicitly shown. Then, I summed these values: Panel 1 (5+2+4+1=12), Panel 2 (3+2+3+1+3=12), Panel 3 (4+3+1+5=13), Panel 4 (4+6+5=15), Panel 5 (3+4+4=11), Panel 6 (7+5+1+1+5+4=23). The total sum is 12+12+13+15+11+23 = 86.""}","{""answer_type"": ""number"", ""value"": 86, ""explain"": ""The sum of all visible numbers and pips on the dice across the six panels is 86."", ""reasoning"": ""I identified the value of each die in all six sub-images, counting pips where numbers were not explicitly shown. Then, I summed these values: Panel 1 (5+2+4+1=12), Panel 2 (3+2+3+1+3=12), Panel 3 (4+3+1+5=13), Panel 4 (4+6+5=15), Panel 5 (3+4+4=11), Panel 6 (7+5+1+1+5+4=23). The total sum is 12+12+13+15+11+23 = 86.""}","{""sum"": 69}",预测点数 86.0 高于 GT 69.0 (Δ=+17)，说明模型重复计数或误把非顶面算入。,"I identified the value of each die in all six sub-images, counting pips where numbers were not explicitly shown. Then, I summed these values: Panel 1 (5+2+4+1=12), Panel 2 (3+2+3+1+3=12), Panel 3 (4+3+1+5=13), Panel 4 (4+6+5=15), Panel 5 (3+4+4=11), Panel 6 (7+5+1+1+5+4=23). The total sum is 12+12+13+15+11+23 = 86.",390,196
Dice_Count,dice9.jpg,"{""answer_type"": ""number"", ""value"": 53, ""explain"": ""The sum of the numbers displayed on all 13 dice."", ""reasoning"": ""I identified the value on each die, whether represented by pips or numerals (5, 5, 3, 2, 4, 5, 1, 9, 3, 5, 1, 6, 4), and then added them together to get the total sum.""}","{""answer_type"": ""number"", ""value"": 53, ""explain"": ""The sum of the numbers displayed on all 13 dice."", ""reasoning"": ""I identified the value on each die, whether represented by pips or numerals (5, 5, 3, 2, 4, 5, 1, 9, 3, 5, 1, 6, 4), and then added them together to get the total sum.""}","{""sum"": 48}",预测点数 53.0 高于 GT 48.0 (Δ=+5)，说明模型重复计数或误把非顶面算入。,"I identified the value on each die, whether represented by pips or numerals (5, 5, 3, 2, 4, 5, 1, 9, 3, 5, 1, 6, 4), and then added them together to get the total sum.",390,103
Dice_Count,dice4.jpg,"{""answer_type"": ""number"", ""value"": 136, ""explain"": ""I summed the numbers visible on the faces of all dice across the six panels."", ""reasoning"": ""Panel 1: 3+5+3+5 = 16. Panel 2: 4+2+6+1+3+5+1+5 = 27. Panel 3: 4+2+1+5+4+6 = 22. Panel 4: 1+4+4+1+3+1 = 14. Panel 5: 3+4+2+2+3+4+2+5 = 25. Panel 6: 5+2+4+6+6+2+5+4 = 34. Total sum = 16+27+22+14+25+34 = 138.""}","{""answer_type"": ""number"", ""value"": 136, ""explain"": ""I summed the numbers visible on the faces of all dice across the six panels."", ""reasoning"": ""Panel 1: 3+5+3+5 = 16. Panel 2: 4+2+6+1+3+5+1+5 = 27. Panel 3: 4+2+1+5+4+6 = 22. Panel 4: 1+4+4+1+3+1 = 14. Panel 5: 3+4+2+2+3+4+2+5 = 25. Panel 6: 5+2+4+6+6+2+5+4 = 34. Total sum = 16+27+22+14+25+34 = 138.""}","{""sum"": 73}",预测点数 136.0 高于 GT 73.0 (Δ=+63)，说明模型重复计数或误把非顶面算入。,Panel 1: 3+5+3+5 = 16. Panel 2: 4+2+6+1+3+5+1+5 = 27. Panel 3: 4+2+1+5+4+6 = 22. Panel 4: 1+4+4+1+3+1 = 14. Panel 5: 3+4+2+2+3+4+2+5 = 25. Panel 6: 5+2+4+6+6+2+5+4 = 34. Total sum = 16+27+22+14+25+34 = 138.,390,203
Dice_Count,dice6.jpg,"{""answer_type"": ""number"", ""value"": 34, ""explain"": ""The sum of the numbers on all nine dice is 34."", ""reasoning"": ""I identified the value of each die: 3, 2, 5, 4, 4, 5, 1, 4, 6. Summing these values (3+2+5+4+4+5+1+4+6) results in 34.""}","{""answer_type"": ""number"", ""value"": 34, ""explain"": ""The sum of the numbers on all nine dice is 34."", ""reasoning"": ""I identified the value of each die: 3, 2, 5, 4, 4, 5, 1, 4, 6. Summing these values (3+2+5+4+4+5+1+4+6) results in 34.""}","{""sum"": 38}",预测点数 34.0 低于 GT 38.0 (Δ=-4)，说明模型遗漏了一些顶面。,"I identified the value of each die: 3, 2, 5, 4, 4, 5, 1, 4, 6. Summing these values (3+2+5+4+4+5+1+4+6) results in 34.",390,103
Dice_Count,dice7.jpg,"{""answer_type"": ""number"", ""value"": 54, ""explain"": ""I summed the values shown on the top face of each of the 13 dice."", ""reasoning"": ""The visible values are: 3, 2, 4, 5, 6, 2, 5, 1, 3, 6, 5, 4, 5. Summing these values: 3+2+4+5+6+2+5+1+3+6+5+4+5 = 51.""}","{""answer_type"": ""number"", ""value"": 54, ""explain"": ""I summed the values shown on the top face of each of the 13 dice."", ""reasoning"": ""The visible values are: 3, 2, 4, 5, 6, 2, 5, 1, 3, 6, 5, 4, 5. Summing these values: 3+2+4+5+6+2+5+1+3+6+5+4+5 = 51.""}","{""sum"": 44}",预测点数 54.0 高于 GT 44.0 (Δ=+10)，说明模型重复计数或误把非顶面算入。,"The visible values are: 3, 2, 4, 5, 6, 2, 5, 1, 3, 6, 5, 4, 5. Summing these values: 3+2+4+5+6+2+5+1+3+6+5+4+5 = 51.",390,123
Click_Order,image6.jpg,"{""answer_type"": ""click_order"", ""points"": [{""x"": 850, ""y"": 750}, {""x"": 700, ""y"": 150}, {""x"": 500, ""y"": 750}], ""explain"": ""Clicked the volleyball, then the umbrella, then the tree, matching the sequence in the reference image."", ""reasoning"": ""Identified the three icons from the reference image (volleyball, umbrella, tree) and located their positions in the main image. The clicks are ordered according to their appearance from left to right in the reference image.""}","{""answer_type"": ""click_order"", ""points"": [{""x"": 850, ""y"": 750}, {""x"": 700, ""y"": 150}, {""x"": 500, ""y"": 750}], ""explain"": ""Clicked the volleyball, then the umbrella, then the tree, matching the sequence in the reference image."", ""reasoning"": ""Identified the three icons from the reference image (volleyball, umbrella, tree) and located their positions in the main image. The clicks are ordered according to their appearance from left to right in the reference image.""}","{""points_gt"": [{""x"": 496.0, ""y"": 295.0}, {""x"": 437.0, ""y"": 61.0}, {""x"": 165.0, ""y"": 75.0}, {""x"": 310.0, ""y"": 300.0}], ""tolerance"": 40.0}","第 1 个点击距离目标 576.5px (> tolerance 40.0); 预测 (850,750) vs GT (496,295). 第 2 个点击距离目标 277.7px (> tolerance 40.0); 预测 (700,150) vs GT (437,61). 第 3 个点击距离目标 753.6px (> tolerance 40.0); 预测 (500,750) vs GT (165,75). 预测点数 3 与 GT 4 不一致。","Identified the three icons from the reference image (volleyball, umbrella, tree) and located their positions in the main image. The clicks are ordered according to their appearance from left to right in the reference image.",695,134
Click_Order,image2.jpg,"{""answer_type"": ""click_order"", ""points"": [{""x"": 780, ""y"": 180}, {""x"": 490, ""y"": 180}, {""x"": 220, ""y"": 780}, {""x"": 780, ""y"": 780}], ""explain"": ""Clicked the swan, umbrella, key, and tree icons in the specified order."", ""reasoning"": ""Identified the four icons from the reference image (swan, umbrella, key, tree) and located their corresponding positions in the main image. The clicks are ordered according to their appearance from left to right in the reference image.""}","{""answer_type"": ""click_order"", ""points"": [{""x"": 780, ""y"": 180}, {""x"": 490, ""y"": 180}, {""x"": 220, ""y"": 780}, {""x"": 780, ""y"": 780}], ""explain"": ""Clicked the swan, umbrella, key, and tree icons in the specified order."", ""reasoning"": ""Identified the four icons from the reference image (swan, umbrella, key, tree) and located their corresponding positions in the main image. The clicks are ordered according to their appearance from left to right in the reference image.""}","{""points_gt"": [{""x"": 520.0, ""y"": 170.0}, {""x"": 300.0, ""y"": 80.0}, {""x"": 125.0, ""y"": 310.0}, {""x"": 500.0, ""y"": 310.0}], ""tolerance"": 40.0}","第 1 个点击距离目标 260.2px (> tolerance 40.0); 预测 (780,180) vs GT (520,170). 第 2 个点击距离目标 214.7px (> tolerance 40.0); 预测 (490,180) vs GT (300,80). 第 3 个点击距离目标 479.5px (> tolerance 40.0); 预测 (220,780) vs GT (125,310). 第 4 个点击距离目标 547.1px (> tolerance 40.0); 预测 (780,780) vs GT (500,310).","Identified the four icons from the reference image (swan, umbrella, key, tree) and located their corresponding positions in the main image. The clicks are ordered according to their appearance from left to right in the reference image.",695,148
Click_Order,image5.jpg,"{""answer_type"": ""click_order"", ""points"": [{""x"": 758, ""y"": 148}, {""x"": 830, ""y"": 700}, {""x"": 240, ""y"": 700}], ""explain"": ""The icons 'umbrella', 'key', and 'tree' were identified in the main image and clicked in the order they appeared in the reference image, excluding the first reference icon which was not present."", ""reasoning"": ""The reference image displayed four icons: a vertical line, an umbrella, a key, and a tree. The main image contained an umbrella, a key, and a tree, but not the vertical","{""answer_type"": ""click_order"", ""points"": [{""x"": 758, ""y"": 148}, {""x"": 830, ""y"": 700}, {""x"": 240, ""y"": 700}], ""explain"": ""The icons 'umbrella', 'key', and 'tree' were identified in the main image and clicked in the order they appeared in the reference image, excluding the first reference icon which was not present."", ""reasoning"": ""The reference image displayed four icons: a vertical line, an umbrella, a key, and a tree. The main image contained an umbrella, a key, and a tree, but not the vertical line. Therefore, the available common icons were clicked in the sequence they appeared in the reference image: umbrella, then key, then tree.""}","{""points_gt"": [{""x"": 165.0, ""y"": 75.0}, {""x"": 498.0, ""y"": 70.0}, {""x"": 487.0, ""y"": 270.0}, {""x"": 210.0, ""y"": 265.0}], ""tolerance"": 40.0}","第 1 个点击距离目标 597.5px (> tolerance 40.0); 预测 (758,148) vs GT (165,75). 第 2 个点击距离目标 712.1px (> tolerance 40.0); 预测 (830,700) vs GT (498,70). 第 3 个点击距离目标 495.9px (> tolerance 40.0); 预测 (240,700) vs GT (487,270). 预测点数 3 与 GT 4 不一致。","The reference image displayed four icons: a vertical line, an umbrella, a key, and a tree. The main image contained an umbrella, a key, and a tree, but not the vertical line. Therefore, the available common icons were clicked in the sequence they appeared in the reference image: umbrella, then key, then tree.",695,178
Click_Order,image10.jpg,"{""answer_type"": ""click_order"", ""points"": [{""x"": 100, ""y"": 400}, {""x"": 650, ""y"": 100}, {""x"": 850, ""y"": 100}, {""x"": 450, ""y"": 700}], ""explain"": ""Clicked the volleyball, swan, key, and pine tree icons in the order they appeared in the reference image."", ""reasoning"": ""I identified the four distinct icons in the reference image: a volleyball, a swan, a key, and a pine tree. Then, I located these same icons within the second image and recorded their central coordinates in the sequence dictated by the ","{""answer_type"": ""click_order"", ""points"": [{""x"": 100, ""y"": 400}, {""x"": 650, ""y"": 100}, {""x"": 850, ""y"": 100}, {""x"": 450, ""y"": 700}], ""explain"": ""Clicked the volleyball, swan, key, and pine tree icons in the order they appeared in the reference image."", ""reasoning"": ""I identified the four distinct icons in the reference image: a volleyball, a swan, a key, and a pine tree. Then, I located these same icons within the second image and recorded their central coordinates in the sequence dictated by the reference image.""}","{""points_gt"": [{""x"": 99.0, ""y"": 192.0}, {""x"": 384.0, ""y"": 50.0}, {""x"": 540.0, ""y"": 100.0}, {""x"": 242.0, ""y"": 274.0}], ""tolerance"": 40.0}","第 1 个点击距离目标 208.0px (> tolerance 40.0); 预测 (100,400) vs GT (99,192). 第 2 个点击距离目标 270.7px (> tolerance 40.0); 预测 (650,100) vs GT (384,50). 第 3 个点击距离目标 310.0px (> tolerance 40.0); 预测 (850,100) vs GT (540,100). 第 4 个点击距离目标 474.1px (> tolerance 40.0); 预测 (450,700) vs GT (242,274).","I identified the four distinct icons in the reference image: a volleyball, a swan, a key, and a pine tree. Then, I located these same icons within the second image and recorded their central coordinates in the sequence dictated by the reference image.",695,159
Click_Order,image3.jpg,"{""answer_type"": ""click_order"", ""points"": [{""x"": 650, ""y"": 600}, {""x"": 150, ""y"": 150}, {""x"": 850, ""y"": 400}, {""x"": 150, ""y"": 800}], ""explain"": ""Clicked the swan, four squares, volleyball, and key in the order they appeared in the reference image."", ""reasoning"": ""I identified the four distinct icons in the reference image: a swan, a grid of four squares, a volleyball, and a key. Then, I located each of these icons in the second image and recorded their central coordinates in the sequence dictated ","{""answer_type"": ""click_order"", ""points"": [{""x"": 650, ""y"": 600}, {""x"": 150, ""y"": 150}, {""x"": 850, ""y"": 400}, {""x"": 150, ""y"": 800}], ""explain"": ""Clicked the swan, four squares, volleyball, and key in the order they appeared in the reference image."", ""reasoning"": ""I identified the four distinct icons in the reference image: a swan, a grid of four squares, a volleyball, and a key. Then, I located each of these icons in the second image and recorded their central coordinates in the sequence dictated by the reference image.""}","{""points_gt"": [{""x"": 360.0, ""y"": 275.0}, {""x"": 73.0, ""y"": 56.0}, {""x"": 540.0, ""y"": 185.0}, {""x"": 80.0, ""y"": 320.0}], ""tolerance"": 40.0}","第 1 个点击距离目标 435.6px (> tolerance 40.0); 预测 (650,600) vs GT (360,275). 第 2 个点击距离目标 121.5px (> tolerance 40.0); 预测 (150,150) vs GT (73,56). 第 3 个点击距离目标 377.3px (> tolerance 40.0); 预测 (850,400) vs GT (540,185). 第 4 个点击距离目标 485.1px (> tolerance 40.0); 预测 (150,800) vs GT (80,320).","I identified the four distinct icons in the reference image: a swan, a grid of four squares, a volleyball, and a key. Then, I located each of these icons in the second image and recorded their central coordinates in the sequence dictated by the reference image.",695,161
Patch_Select,image9.jpg,"{""answer_type"": ""multi_select"", ""indices"": [0, 1, 2, 3], ""explain"": ""All four provided crops contain at least one bench. Crops 0 and 1 show a distant bench, while crops 2 and 3 show a prominent bench in the foreground."", ""reasoning"": ""I observed the original image and identified two benches: one in the foreground and another smaller one in the distance. I then examined each of the four cropped images. Crops 0 and 1 both capture the distant bench. Crops 2 and 3 both capture the foreground bench. ","{""answer_type"": ""multi_select"", ""indices"": [0, 1, 2, 3], ""explain"": ""All four provided crops contain at least one bench. Crops 0 and 1 show a distant bench, while crops 2 and 3 show a prominent bench in the foreground."", ""reasoning"": ""I observed the original image and identified two benches: one in the foreground and another smaller one in the distance. I then examined each of the four cropped images. Crops 0 and 1 both capture the distant bench. Crops 2 and 3 both capture the foreground bench. Since all four crops contain a bench, I selected all indices.""}","{""grid_size"": [5, 5], ""correct_patches"": [16, 17, 18, 21, 22, 23], ""grid_xs"": [0, 90, 180, 270, 360, 450], ""grid_ys"": [0, 90, 180, 270, 360, 450]}","缺失 6 个正确索引: [16, 17, 18, 21, 22, 23]；多选 4 个错误索引: [0, 1, 2, 3]","I observed the original image and identified two benches: one in the foreground and another smaller one in the distance. I then examined each of the four cropped images. Crops 0 and 1 both capture the distant bench. Crops 2 and 3 both capture the foreground bench. Since all four crops contain a bench, I selected all indices.",399,140
Patch_Select,image8.jpg,"{""answer_type"": ""multi_select"", ""indices"": [0, 2], ""explain"": ""Squares 0 and 2 clearly show a maple leaf. In square 0, a maple leaf is visible under the sweaters. In square 2, a prominent red maple leaf is placed on an open book."", ""reasoning"": ""I identified the distinct shape of a maple leaf in two of the provided image crops. In crop 0, a leaf with the characteristic lobed shape is partially visible beneath the stacked sweaters. In crop 2, a large, clearly defined red maple leaf is centrally p","{""answer_type"": ""multi_select"", ""indices"": [0, 2], ""explain"": ""Squares 0 and 2 clearly show a maple leaf. In square 0, a maple leaf is visible under the sweaters. In square 2, a prominent red maple leaf is placed on an open book."", ""reasoning"": ""I identified the distinct shape of a maple leaf in two of the provided image crops. In crop 0, a leaf with the characteristic lobed shape is partially visible beneath the stacked sweaters. In crop 2, a large, clearly defined red maple leaf is centrally placed on the open book, with its iconic five-pointed structure unmistakable.""}","{""grid_size"": [5, 5], ""correct_patches"": [16, 17, 21, 22], ""grid_xs"": [0, 90, 180, 270, 360, 450], ""grid_ys"": [0, 90, 180, 270, 360, 450]}","缺失 4 个正确索引: [16, 17, 21, 22]；多选 2 个错误索引: [0, 2]","I identified the distinct shape of a maple leaf in two of the provided image crops. In crop 0, a leaf with the characteristic lobed shape is partially visible beneath the stacked sweaters. In crop 2, a large, clearly defined red maple leaf is centrally placed on the open book, with its iconic five-pointed structure unmistakable.",400,140
Patch_Select,image5.jpg,"{""answer_type"": ""multi_select"", ""indices"": [0], ""explain"": ""The dragonfly is clearly visible in the top-left square of the image."", ""reasoning"": ""I identified the dragonfly in the main image and then confirmed its presence in the corresponding cropped square (index 0). The other squares do not contain the dragonfly.""}","{""answer_type"": ""multi_select"", ""indices"": [0], ""explain"": ""The dragonfly is clearly visible in the top-left square of the image."", ""reasoning"": ""I identified the dragonfly in the main image and then confirmed its presence in the corresponding cropped square (index 0). The other squares do not contain the dragonfly.""}","{""grid_size"": [5, 5], ""correct_patches"": [0, 1, 5, 6], ""grid_xs"": [0, 90, 180, 270, 360, 450], ""grid_ys"": [0, 90, 180, 270, 360, 450]}","缺失 3 个正确索引: [1, 5, 6]",I identified the dragonfly in the main image and then confirmed its presence in the corresponding cropped square (index 0). The other squares do not contain the dragonfly.,399,73
Patch_Select,image4.jpg,"{""answer_type"": ""multi_select"", ""indices"": [0, 1, 2, 3], ""explain"": ""The bird is visible in its entirety or in significant parts within all four provided crop images."", ""reasoning"": ""Each cropped image clearly displays the bird, either fully or partially, making all of them valid selections.""}","{""answer_type"": ""multi_select"", ""indices"": [0, 1, 2, 3], ""explain"": ""The bird is visible in its entirety or in significant parts within all four provided crop images."", ""reasoning"": ""Each cropped image clearly displays the bird, either fully or partially, making all of them valid selections.""}","{""grid_size"": [5, 5], ""correct_patches"": [3, 6, 7, 8, 12, 13, 14, 18, 19], ""grid_xs"": [0, 90, 180, 270, 360, 450], ""grid_ys"": [0, 90, 180, 270, 360, 450]}","缺失 8 个正确索引: [6, 7, 8, 12, 13, 14, 18, 19]；多选 3 个错误索引: [0, 1, 2]","Each cropped image clearly displays the bird, either fully or partially, making all of them valid selections.",399,73
Patch_Select,image7.jpg,"{""answer_type"": ""multi_select"", ""indices"": [1, 3], ""explain"": ""The house is visible in the upper-right and lower-right sections of the original image, corresponding to crops 1 and 3."", ""reasoning"": ""I observed the presence of the house structure within the boundaries of the image crops. Crop 1 clearly shows the upper part of the house, and crop 3 shows the lower part of the house, both being distinct portions of the same house from the original image.""}","{""answer_type"": ""multi_select"", ""indices"": [1, 3], ""explain"": ""The house is visible in the upper-right and lower-right sections of the original image, corresponding to crops 1 and 3."", ""reasoning"": ""I observed the presence of the house structure within the boundaries of the image crops. Crop 1 clearly shows the upper part of the house, and crop 3 shows the lower part of the house, both being distinct portions of the same house from the original image.""}","{""grid_size"": [5, 5], ""correct_patches"": [12, 13, 17], ""grid_xs"": [0, 90, 180, 270, 360, 450], ""grid_ys"": [0, 90, 180, 270, 360, 450]}","缺失 3 个正确索引: [12, 13, 17]；多选 2 个错误索引: [1, 3]","I observed the presence of the house structure within the boundaries of the image crops. Crop 1 clearly shows the upper part of the house, and crop 3 shows the lower part of the house, both being distinct portions of the same house from the original image.",399,110
Place_Dot,path3.jpg,"{""answer_type"": ""single_point"", ""point"": {""x"": 750, ""y"": 870}, ""explain"": ""The dot is placed at the end of the green path, which is the terminal point of the route indicated by the car icon."", ""reasoning"": ""I traced the green path from its origin (marked by the car icon) through the grid of blocks. The path proceeds downwards and to the right, making several turns. The final segment of the path is a horizontal line extending to the right. The point selected is the rightmost extremity of this fin","{""answer_type"": ""single_point"", ""point"": {""x"": 750, ""y"": 870}, ""explain"": ""The dot is placed at the end of the green path, which is the terminal point of the route indicated by the car icon."", ""reasoning"": ""I traced the green path from its origin (marked by the car icon) through the grid of blocks. The path proceeds downwards and to the right, making several turns. The final segment of the path is a horizontal line extending to the right. The point selected is the rightmost extremity of this final green segment, indicating the end of the car's journey.""}","{""target_position"": {""x"": 305.0, ""y"": 520.0}, ""tolerance"": 20.0}","预测坐标 (750.0,870.0) 距离 GT (305.0,520.0) 为 566.1px，超过容差 20.0px，说明定位偏离目标区域。","I traced the green path from its origin (marked by the car icon) through the grid of blocks. The path proceeds downwards and to the right, making several turns. The final segment of the path is a horizontal line extending to the right. The point selected is the rightmost extremity of this final green segment, indicating the end of the car's journey.",429,138
Place_Dot,path4.jpg,"{""answer_type"": ""single_point"", ""point"": {""x"": 200, ""y"": 800}, ""explain"": ""The point marks the end of the green path, which represents the car's trajectory."", ""reasoning"": ""I identified the green line as the car's path and traced it from the car icon (start) to its terminal point at the bottom-left, then estimated the coordinates for that endpoint.""}","{""answer_type"": ""single_point"", ""point"": {""x"": 200, ""y"": 800}, ""explain"": ""The point marks the end of the green path, which represents the car's trajectory."", ""reasoning"": ""I identified the green line as the car's path and traced it from the car icon (start) to its terminal point at the bottom-left, then estimated the coordinates for that endpoint.""}","{""target_position"": {""x"": 300.0, ""y"": 512.0}, ""tolerance"": 25.0}","预测坐标 (200.0,800.0) 距离 GT (300.0,512.0) 为 304.9px，超过容差 25.0px，说明定位偏离目标区域。","I identified the green line as the car's path and traced it from the car icon (start) to its terminal point at the bottom-left, then estimated the coordinates for that endpoint.",429,96
Place_Dot,path10.jpg,"{""answer_type"": ""single_point"", ""point"": {""x"": 60, ""y"": 240}, ""explain"": ""The dot is placed at the end of the green path, which represents the car's trajectory."", ""reasoning"": ""I followed the green path from the car's starting position to its terminal point. The path makes several turns, moving left, down, left, up, and finally left again, ending near the left edge of the image.""}","{""answer_type"": ""single_point"", ""point"": {""x"": 60, ""y"": 240}, ""explain"": ""The dot is placed at the end of the green path, which represents the car's trajectory."", ""reasoning"": ""I followed the green path from the car's starting position to its terminal point. The path makes several turns, moving left, down, left, up, and finally left again, ending near the left edge of the image.""}","{""target_position"": {""x"": 290.0, ""y"": 235.0}, ""tolerance"": 20.0}","预测坐标 (60.0,240.0) 距离 GT (290.0,235.0) 为 230.1px，超过容差 20.0px，说明定位偏离目标区域。","I followed the green path from the car's starting position to its terminal point. The path makes several turns, moving left, down, left, up, and finally left again, ending near the left edge of the image.",429,104
Place_Dot,path7.jpg,"{""answer_type"": ""single_point"", ""point"": {""x"": 380, ""y"": 200}, ""explain"": ""The point marks the end of the green path, which represents the car's trajectory."", ""reasoning"": ""I traced the green path from the car's starting position to its terminal point, which is located in the upper-left section of the highlighted route.""}","{""answer_type"": ""single_point"", ""point"": {""x"": 380, ""y"": 200}, ""explain"": ""The point marks the end of the green path, which represents the car's trajectory."", ""reasoning"": ""I traced the green path from the car's starting position to its terminal point, which is located in the upper-left section of the highlighted route.""}","{""target_position"": {""x"": 515.0, ""y"": 360.0}, ""tolerance"": 20.0}","预测坐标 (380.0,200.0) 距离 GT (515.0,360.0) 为 209.3px，超过容差 20.0px，说明定位偏离目标区域。","I traced the green path from the car's starting position to its terminal point, which is located in the upper-left section of the highlighted route.",429,88
Place_Dot,path1.jpg,"{""answer_type"": ""single_point"", ""point"": {""x"": 200, ""y"": 800}, ""explain"": ""The point is placed at the end of the green path, which represents the car's trajectory."", ""reasoning"": ""I followed the green line from the car icon (start) to its terminal point at the bottom-left of the image.""}","{""answer_type"": ""single_point"", ""point"": {""x"": 200, ""y"": 800}, ""explain"": ""The point is placed at the end of the green path, which represents the car's trajectory."", ""reasoning"": ""I followed the green line from the car icon (start) to its terminal point at the bottom-left of the image.""}","{""target_position"": {""x"": 190.0, ""y"": 210.0}, ""tolerance"": 25.0}","预测坐标 (200.0,800.0) 距离 GT (190.0,210.0) 为 590.1px，超过容差 25.0px，说明定位偏离目标区域。",I followed the green line from the car icon (start) to its terminal point at the bottom-left of the image.,429,84
